{
    "grape-nuts-flakes": [
        1.1363636363636365, 
        5.6818181818181825, 
        0.1590909090909091, 
        0.09659090909090909, 
        3.409090909090909, 
        3.409090909090909, 
        17.045454545454547
    ], 
    "quaker-oatmeal": [
        2.9850746268656714, 
        -1.0, 
        0.0, 
        0.16417910447761194, 
        4.029850746268656, 
        7.462686567164178, 
        -1.0
    ], 
    "wheaties": [
        1.0, 
        3.0, 
        0.2, 
        0.11, 
        3.0, 
        3.0, 
        17.0
    ], 
    "100-natural-bran": [
        5.0, 
        8.0, 
        0.015, 
        0.135, 
        2.0, 
        3.0, 
        8.0
    ], 
    "crispy-wheat-raisins": [
        1.3333333333333333, 
        13.333333333333332, 
        0.18666666666666665, 
        0.16, 
        2.6666666666666665, 
        2.6666666666666665, 
        14.666666666666666
    ], 
    "nutri-grain-wheat": [
        0.0, 
        2.0, 
        0.17, 
        0.09, 
        3.0, 
        3.0, 
        18.0
    ], 
    "bran-chex": [
        1.4925373134328357, 
        8.955223880597014, 
        0.29850746268656714, 
        0.18656716417910446, 
        5.970149253731343, 
        2.9850746268656714, 
        22.388059701492537
    ], 
    "raisin-bran": [
        1.3333333333333333, 
        16.0, 
        0.28, 
        0.32, 
        6.666666666666666, 
        4.0, 
        18.666666666666664
    ], 
    "special-k": [
        0.0, 
        3.0, 
        0.23, 
        0.055, 
        1.0, 
        6.0, 
        16.0
    ], 
    "product-19": [
        0.0, 
        3.0, 
        0.32, 
        0.045, 
        1.0, 
        3.0, 
        20.0
    ], 
    "100-bran": [
        3.0303030303030303, 
        18.18181818181818, 
        0.3939393939393939, 
        0.8484848484848485, 
        30.303030303030305, 
        12.121212121212121, 
        15.151515151515152
    ], 
    "wheaties-honey-gold": [
        1.3333333333333333, 
        10.666666666666666, 
        0.2666666666666666, 
        0.08, 
        1.3333333333333333, 
        2.6666666666666665, 
        21.333333333333332
    ], 
    "trix": [
        1.0, 
        12.0, 
        0.14, 
        0.025, 
        0.0, 
        1.0, 
        13.0
    ], 
    "just-right-crunchy-nuggets": [
        1.0, 
        6.0, 
        0.17, 
        0.06, 
        1.0, 
        2.0, 
        17.0
    ], 
    "almond-delight": [
        2.6666666666666665, 
        10.666666666666666, 
        0.2666666666666666, 
        -0.001, 
        1.3333333333333333, 
        2.6666666666666665, 
        18.666666666666664
    ], 
    "apple-cinnamon-cheerios": [
        2.6666666666666665, 
        13.333333333333332, 
        0.24, 
        0.09333333333333332, 
        2.0, 
        2.6666666666666665, 
        14.0
    ], 
    "shredded-wheat-nbran": [
        0.0, 
        0.0, 
        0.0, 
        0.208955223880597, 
        5.970149253731343, 
        4.477611940298507, 
        28.35820895522388
    ], 
    "cheerios": [
        1.6, 
        0.8, 
        0.232, 
        0.084, 
        1.6, 
        4.800000000000001, 
        13.600000000000001
    ], 
    "great-grains-pecan": [
        9.09090909090909, 
        12.121212121212121, 
        0.2272727272727273, 
        0.303030303030303, 
        9.09090909090909, 
        9.09090909090909, 
        39.39393939393939
    ], 
    "muesli-raisins-dates-almonds": [
        3.0, 
        11.0, 
        0.095, 
        0.17, 
        3.0, 
        4.0, 
        16.0
    ], 
    "bran-flakes": [
        0.0, 
        7.462686567164178, 
        0.3134328358208955, 
        0.28358208955223874, 
        7.462686567164178, 
        4.477611940298507, 
        19.402985074626862
    ], 
    "double-chex": [
        0.0, 
        6.666666666666666, 
        0.2533333333333333, 
        0.10666666666666666, 
        1.3333333333333333, 
        2.6666666666666665, 
        24.0
    ], 
    "wheat-chex": [
        1.4925373134328357, 
        4.477611940298507, 
        0.34328358208955223, 
        0.17164179104477612, 
        4.477611940298507, 
        4.477611940298507, 
        25.373134328358205
    ], 
    "cracklin-oat-bran": [
        6.0, 
        14.0, 
        0.28, 
        0.32, 
        8.0, 
        6.0, 
        20.0
    ], 
    "corn-pops": [
        0.0, 
        12.0, 
        0.09, 
        0.02, 
        1.0, 
        1.0, 
        13.0
    ], 
    "puffed-rice": [
        0.0, 
        0.0, 
        0.0, 
        0.015, 
        0.0, 
        1.0, 
        13.0
    ], 
    "honey-nut-cheerios": [
        1.3333333333333333, 
        13.333333333333332, 
        0.3333333333333333, 
        0.12, 
        2.0, 
        4.0, 
        15.333333333333332
    ], 
    "rice-chex": [
        0.0, 
        1.7699115044247788, 
        0.21238938053097345, 
        0.02654867256637168, 
        0.0, 
        0.8849557522123894, 
        20.353982300884958
    ], 
    "apple-jacks": [
        0.0, 
        14.0, 
        0.125, 
        0.03, 
        1.0, 
        2.0, 
        11.0
    ], 
    "fruity-pebbles": [
        1.3333333333333333, 
        16.0, 
        0.18, 
        0.033333333333333326, 
        0.0, 
        1.3333333333333333, 
        17.333333333333332
    ], 
    "oatmeal-raisin-crisp": [
        4.0, 
        20.0, 
        0.34, 
        0.24, 
        3.0, 
        6.0, 
        27.0
    ], 
    "froot-loops": [
        1.0, 
        13.0, 
        0.125, 
        0.03, 
        1.0, 
        2.0, 
        11.0
    ], 
    "clusters": [
        4.0, 
        14.0, 
        0.28, 
        0.21, 
        4.0, 
        6.0, 
        26.0
    ], 
    "corn-flakes": [
        0.0, 
        2.0, 
        0.29, 
        0.035, 
        1.0, 
        2.0, 
        21.0
    ], 
    "multi-grain-cheerios": [
        1.0, 
        6.0, 
        0.22, 
        0.09, 
        2.0, 
        2.0, 
        15.0
    ], 
    "life": [
        2.9850746268656714, 
        8.955223880597014, 
        0.22388059701492535, 
        0.14179104477611937, 
        2.9850746268656714, 
        5.970149253731343, 
        17.91044776119403
    ], 
    "honey-comb": [
        0.0, 
        8.270676691729323, 
        0.13533834586466165, 
        0.02631578947368421, 
        0.0, 
        0.7518796992481203, 
        10.526315789473683
    ], 
    "corn-chex": [
        0.0, 
        3.0, 
        0.28, 
        0.025, 
        0.0, 
        2.0, 
        22.0
    ], 
    "total-raisin-bran": [
        1.0, 
        14.0, 
        0.19, 
        0.23, 
        4.0, 
        3.0, 
        15.0
    ], 
    "basic-4": [
        2.6666666666666665, 
        10.666666666666666, 
        0.28, 
        0.1333333333333333, 
        2.6666666666666665, 
        4.0, 
        24.0
    ], 
    "kix": [
        0.6666666666666666, 
        2.0, 
        0.1733333333333333, 
        0.026666666666666665, 
        0.0, 
        1.3333333333333333, 
        14.0
    ], 
    "triples": [
        1.3333333333333333, 
        4.0, 
        0.3333333333333333, 
        0.08, 
        0.0, 
        2.6666666666666665, 
        28.0
    ], 
    "post-nat-raisin-bran": [
        1.4925373134328357, 
        20.8955223880597, 
        0.29850746268656714, 
        0.38805970149253727, 
        8.955223880597014, 
        4.477611940298507, 
        16.417910447761194
    ], 
    "cinnamon-toast-crunch": [
        4.0, 
        12.0, 
        0.28, 
        0.06, 
        0.0, 
        1.3333333333333333, 
        17.333333333333332
    ], 
    "rice-krispies": [
        0.0, 
        3.0, 
        0.29, 
        0.035, 
        0.0, 
        2.0, 
        22.0
    ], 
    "smacks": [
        1.3333333333333333, 
        20.0, 
        0.09333333333333332, 
        0.05333333333333333, 
        1.3333333333333333, 
        2.6666666666666665, 
        12.0
    ],