{
    "count": {
        "data": [
            [
                20, 
                21, 
                36
            ], 
            [
                118.99237336385595, 
                125.08054963278843, 
                167.8032815719383
            ]
        ], 
        "yaxis": [
            "Count", 
            "Calories"
        ]
    }, 
    "grams": {
        "data": [
            [
                5.615943928125208, 
                11.10181236673774, 
                10.097624252474999
            ], 
            [
                0.7451741293532338, 
                1.1973466003316748, 
                1.9741381476456101
            ], 
            [
                2.1596019900497514, 
                1.0826226012793176, 
                5.862248102919745
            ], 
            [
                3.1128413202889913, 
                2.192312248282397, 
                4.729854515302276
            ], 
            [
                18.014189033871165, 
                15.29199241885809, 
                21.865175385697775
            ]
        ], 
        "yaxis": [
            "Sugars", 
            "Fat", 
            "Dietary Fiber", 
            "Protein", 
            "Complex Carbohydrates"
        ]
    }, 
    "mgrams": {
        "data": [
            [
                194.46609007373922, 
                167.41885809049987, 
                250.44562540831197
            ], 
            [
                93.22167176776489, 
                68.35678749111584, 
                226.66769058746667
            ]
        ], 
        "yaxis": [
            "Sodium", 
            "Potassium"
        ]
    }
}
