{
    "count": {
        "data": [
            [
                36, 
                21, 
                20
            ], 
            [
                167.8032815719383, 
                125.08054963278843, 
                118.99237336385595
            ]
        ], 
        "yaxis": [
            "Count", 
            "Calories"
        ]
    }, 
    "grams": {
        "data": [
            [
                10.097624252474999, 
                11.10181236673774, 
                5.615943928125208
            ], 
            [
                1.9741381476456101, 
                1.1973466003316748, 
                0.7451741293532338
            ], 
            [
                5.862248102919745, 
                1.0826226012793176, 
                2.1596019900497514
            ], 
            [
                4.729854515302276, 
                2.192312248282397, 
                3.1128413202889913
            ], 
            [
                21.865175385697775, 
                15.29199241885809, 
                18.014189033871165
            ]
        ], 
        "yaxis": [
            "Sugars", 
            "Fat", 
            "Dietary Fiber", 
            "Protein", 
            "Complex Carbohydrates"
        ]
    }, 
    "mgrams": {
        "data": [
            [
                250.44562540831197, 
                167.41885809049987, 
                194.46609007373922
            ], 
            [
                226.66769058746667, 
                68.35678749111584, 
                93.22167176776489
            ]
        ], 
        "yaxis": [
            "Sodium", 
            "Potassium"
        ]
    }
}
