{"count": [20, 21, 36], "sodium": [194.46609007373922, 167.41885809049987, 250.44562540831197], "potassium": [93.221671767764889, 68.356787491115838, 226.66769058746667], "sugars": [5.6159439281252084, 11.10181236673774, 10.097624252474999], "calories": [118.99237336385595, 125.08054963278843, 167.8032815719383], "fat": [0.74517412935323379, 1.1973466003316748, 1.9741381476456101], "dietary_fiber": [2.1596019900497514, 1.0826226012793176, 5.8622481029197449], "protein": [3.1128413202889913, 2.1923122482823971, 4.729854515302276], "complex_carbohydrates": [18.014189033871165, 15.29199241885809, 21.865175385697775]}
